{
  "config/theme": "default",
  "config/swipe-in-pages": "true",
  "config/hidden-group-map": "{}",
  "setup/active-uuid": "b2b071e9-fafe-4dbe-b03c-6dafc460da38",
  "config/automatic-disconnection": "true",
  "config/truncate-proxy-name": "false",
  "config/ipv6-test": "false",
  "config/icon-size": "14",
  "config/log-level": "info",
  "config/show-statistics-when-sidebar-collapsed": "true",
  "config/source-ip-label-map": "{}",
  "config/use-connecticon-card": "true",
  "config/min-proxy-card-width": "145",
  "config/swipe-in-tabs": "true",
  "config/import-settings-url": "",
  "config/proxy-preview-type": "dots",
  "config/use-smart-group-sort": "false",
  "config/table-width-mode": "auto",
  "config/proxy-group-icon-margin": "6",
  "config/quick-filter-regex": "direct|dns-out",
  "config/connecticon-table-size": "small",
  "config/display-latency-in-rule": "true",
  "config/scroll-animation-effect": "true",
  "config/custom-background-image": "",
  "config/log-retention-limit": "1000",
  "config/medium-latency": "800",
  "config/number-of-charts-in-sidebar": "2",
  "config/geoip-info-api": "ip.sb",
  "config/custom-themes": "[]",
  "config/display-global-by-mode": "true",
  "config/dashboard-transparent": "90",
  "config/connection-sort-direction": "asc",
  "config/auto-upgrade": "true",
  "config/display-all-features": "false",
  "config/auto-connection-check": "true",
  "config/collapse-group-map": "{\"Node-1\":false,\"🌐代理\":false,\"Node-2\":false,\"Node-3\":false,\"Node-4\":false}",
  "config/split-overview-page": "false",
  "config/proxy-group-icon-size": "18",
  "config/default-theme": "dark",
  "config/ipv6-map": "{}",
  "config/source-ip-label-list": "[]",
  "config/font": "MiSans",
  "config/auto-disconnect-idle-udp": "false",
  "config/blur-intensity": "10",
  "config/proxy-sort-type": "defaultsort",
  "config/group-proxies-by-provider": "true",
  "config/proxy-chain-direction": "normal",
  "config/auto-import-settings": "false",
  "config/show-ip-and-connection-info": "true",
  "config/auto-theme": "true",
  "config/language": "en-US",
  "config/connection-table-columns": "[\"close\",\"host\",\"type\",\"rule\",\"chains\",\"dlSpeed\",\"ulSpeed\",\"dl\",\"ul\",\"connectTime\"]",
  "config/auto-disconnect-idle-udp-time": "300",
  "setup/api-list": "[{\"protocol\":\"http\",\"host\":\"192.168.1.111\",\"port\":\"7891\",\"secondaryPath\":\"\",\"password\":\"1234\",\"label\":\"\",\"disableUpgradeCore\":false,\"uuid\":\"6842fb94-eccf-4631-b43c-370f70095464\"},{\"protocol\":\"http\",\"host\":\"127.0.0.1\",\"port\":\"9090\",\"secondaryPath\":\"\",\"password\":\"\",\"label\":\"\",\"uuid\":\"5d3f0f6c-98b3-431d-b38e-24d61439e828\"},{\"protocol\":\"http\",\"host\":\"127.0.0.1\",\"port\":\"9090\",\"secondaryPath\":\"\",\"password\":\"d3927536ae1b8797\",\"label\":\"\",\"uuid\":\"b2b071e9-fafe-4dbe-b03c-6dafc460da38\"}]",
  "config/proxies-count-mode": "aliveTotal",
  "config/proxy-card-size": "large",
  "config/log-search-history": "[]",
  "config/auto-upgrade-core": "false",
  "config/display-proxies-relationship": "false",
  "config/manage-hidden-group-mode": "false",
  "config/low-latency": "400",
  "config/check-upgrade-core": "true",
  "config/is-sidebar-collapsed": "true",
  "config/display-now-node-in-rule": "true",
  "config/connection-sort-type": "downloadSpeed",
  "config/custom-global-node-name": "GLOBAL",
  "config/speedtest-timeout": "5000",
  "config/two-columns": "true",
  "config/hide-unavailable-proxies": "false",
  "config/icon-margin-right": "6",
  "config/icon-reflect-list": "[]",
  "config/speedtest-url": "https://www.gstatic.com/generate_204",
  "config/dark-theme": "dark",
  "config/quick-filter-enabled": "false",
  "config/independent-latency-test": "true",
  "config/connection-card-lines": "[[\"host\",\"connectTime\"],[\"type\",\"dl\",\"ul\"],[\"chains\",\"dlSpeed\",\"close\"]]",
  "config/auto-ip-check": "true",
  "config/disable-pull-to-refresh": "false"
}