{
  "config/theme": "default",
  "config/swipe-in-pages": "true",
  "config/hidden-group-map": "{}",
  "config/table-sorting": "[]",
  "setup/active-uuid": "cc80b87c-cd38-4ae4-acce-f9d2afd136c3",
  "config/automatic-disconnection": "true",
  "config/truncate-proxy-name": "false",
  "config/ipv6-test": "false",
  "config/icon-size": "14",
  "config/show-statistics-when-sidebar-collapsed": "true",
  "config/log-level": "info",
  "config/source-ip-label-map": "{}",
  "config/use-connecticon-card": "true",
  "config/swipe-in-tabs": "true",
  "config/min-proxy-card-width": "130",
  "config/proxy-preview-type": "auto",
  "config/import-settings-url": "",
  "config/use-smart-group-sort": "false",
  "config/table-width-mode": "auto",
  "config/proxy-group-icon-margin": "6",
  "config/quick-filter-regex": "direct|dns-out",
  "config/table-column-width": "{\"close\":50,\"host\":320,\"chains\":320,\"rule\":200,\"dl\":80,\"dlSpeed\":80,\"ul\":80,\"ulSpeed\":80,\"type\":150,\"process\":150,\"sourceIP\":150,\"sourcePort\":100,\"sniffHost\":200,\"destination\":150,\"connectTime\":100}",
  "config/connecticon-table-size": "small",
  "config/display-latency-in-rule": "true",
  "config/scroll-animation-effect": "true",
  "config/custom-background-image": "",
  "config/log-retention-limit": "1000",
  "config/medium-latency": "800",
  "config/number-of-charts-in-sidebar": "3",
  "config/geoip-info-api": "ip.sb",
  "config/custom-themes": "[]",
  "config/display-global-by-mode": "true",
  "config/dashboard-transparent": "90",
  "config/auto-upgrade": "true",
  "config/connection-sort-direction": "asc",
  "config/display-all-features": "false",
  "config/split-overview-page": "false",
  "config/auto-connection-check": "true",
  "config/collapse-group-map": "{\"Node-1\":false,\"🌐代理\":false,\"Node-2\":false,\"Node-3\":false,\"Node-4\":false,\"🔶自动选择\":false,\"GitHub\":false,\"🇸🇬故障转移\":false,\"前置机\":false,\"🟢故障转移\":false,\"落地机\":true}",
  "config/proxy-group-icon-size": "60",
  "config/default-theme": "dark",
  "config/ipv6-map": "{}",
  "config/source-ip-label-list": "[]",
  "config/font": "MiSans",
  "config/auto-disconnect-idle-udp": "false",
  "config/blur-intensity": "10",
  "config/proxy-sort-type": "defaultsort",
  "config/group-proxies-by-provider": "true",
  "config/proxy-chain-direction": "normal",
  "config/auto-import-settings": "false",
  "config/show-ip-and-connection-info": "true",
  "config/auto-theme": "true",
  "config/language": "zh-CN",
  "config/connection-table-columns": "[\"close\",\"host\",\"type\",\"rule\",\"chains\",\"dlSpeed\",\"ulSpeed\",\"dl\",\"ul\",\"connectTime\"]",
  "config/auto-disconnect-idle-udp-time": "300",
  "config/table-column-pinning": "{\"left\":[],\"right\":[]}",
  "setup/api-list": "[{\"protocol\":\"http\",\"host\":\"127.0.0.1\",\"port\":\"7891\",\"secondaryPath\":\"\",\"password\":\"\",\"label\":\"\",\"uuid\":\"cc80b87c-cd38-4ae4-acce-f9d2afd136c3\"}]",
  "config/proxies-count-mode": "aliveTotal",
  "config/proxy-card-size": "small",
  "config/log-search-history": "[]",
  "config/auto-upgrade-core": "false",
  "config/display-proxies-relationship": "false",
  "config/manage-hidden-group-mode": "false",
  "config/low-latency": "400",
  "config/check-upgrade-core": "true",
  "config/is-sidebar-collapsed": "true",
  "config/display-now-node-in-rule": "true",
  "config/custom-global-node-name": "GLOBAL",
  "config/connection-sort-type": "downloadSpeed",
  "config/speedtest-timeout": "5000",
  "config/two-columns": "true",
  "config/hide-unavailable-proxies": "false",
  "config/icon-margin-right": "6",
  "config/icon-reflect-list": "[]",
  "config/speedtest-url": "https://www.gstatic.com/generate_204",
  "config/dark-theme": "dark",
  "config/quick-filter-enabled": "false",
  "config/independent-latency-test": "true",
  "config/connection-card-lines": "[[\"host\",\"connectTime\"],[\"type\",\"dl\",\"ul\"],[\"chains\",\"dlSpeed\",\"close\"]]",
  "config/auto-ip-check": "true",
  "config/disable-pull-to-refresh": "false"
}